3,trump: netanyahu 'hold back' settlements,"president donald trump told israeli prime minister benjamin netanyahu wednesday us going push peace deal palestinians asked israel ""to hold back"" settlement construction.",cnn
3,"trump: un treats israel 'very, unfairly' - cnn video",president donald trump israeli prime minister benjamin netanyahu hold joint press conference white house.,cnn
3,where trump netanyahu stand key issues,"""tomorrow's world different -- near."" words israeli prime minister benjamin netanyahu dismissed last month's mideast peace conference paris ""useless,"" instead focusing inauguration us president donald trump days later.",cnn
3,trump: west bank settlements 'don't help' peace process,"president donald trump told israeli newspaper israel hayom, ""not somebody believes going forward ... settlements good thing peace,"" interview billed first israeli media since taking office.",cnn
3,trump watch: live coverage,president trump hosts world leaders. michael flynn resigned. high-stakes cabinet votes executive actions. we're covering trump's fourth week office here.,cnn
3,why netanyahu must stand israel's right,"israel crossroads: two states two states. course, world expect deal made tomorrow -- even soon. want hear israel paradigm shift, retreat old dream greater israel annexation, abandonment commitment palestinian statehood.",cnn
3,flynn called victim political assassination - cnn video,"iowa rep. steve king says general michael flynn subject ""political assassination.""",cnn
3,trump aides constant touch senior russian officials campaign,"high-level advisers close then-presidential nominee donald trump constant communication campaign russians known us intelligence, multiple current former intelligence, law enforcement administration officials tell cnn.",cnn
6,will undocumented mom kids get home today?,"like parents around country, jeanette vizguerra kissed kids last night sent bed. unlike many moms, may get home school today.",cnn
6,"in college, trump aide stephen miller led controversial 'terrorism awareness project' warning 'islamofascism'",white house senior policy adviser stephen miller garnered attention recent weeks one chief architects behind president donald trump's executive order temporarily banning travel seven muslim-majority countries.,cnn
6,andrew puzder withdraws labor secretary nominee,"andrew puzder withdrawn president donald trump's choice labor secretary, dramatic decision caused gop revolt claimed first cabinet nominee new administration.",cnn
6,8 reasons andrew puzder's nomination mess,"here reasons andy puzder, trump's pick labor secretary, good, bad time getting confirmed.",cnn
6,puzder's ex-wife defends labor nominee abuse allegations,the ex-wife labor secretary nominee andy puzder privately telling senators made mistake decades ago leveling domestic abuse charges appearing disguise oprah winfrey's tv show talk situation.,cnn
6,flynn's security clearance suspended 'pending review',"former national security adviser michael flynn's security clearance suspended ""pending review,"" defense intelligence agency spokesman told cnn wednesday.",cnn
6,pentagon might propose ground troops syria,"the defense department might propose us send conventional ground combat forces northern syria first time speed fight isis, cnn learned.",cnn
6,republicans may bring earmarks back,"earmarks, simultaneously hated beloved dc tool lets lawmakers direct money specific programs projects, may coming back.",cnn
6,'a resurgence white nationalism': hate groups spiked 2016,"the number hate groups america spiked 2016, according southern poverty law center.",cnn
6,tapper calls trump conspiracy theories - cnn video,"cnn's jake tapper discusses president donald trump handled resignation national security adviser michael flynn, trump's comments claiming media creating ""conspiracy theories"" false.",cnn
6,the irony trump whining leaks,"there poetic justice seeing man made president leaks potentially hobbled ones may legitimately reveal wrongdoing, writes paul begala.",cnn
6,inside andrew puzder's failed nomination,"in end, andrew puzder much baggage -- personal professional -- confirmed president donald trump's cabinet.",cnn
6,clinton adviser: never spoke russia - cnn video,"as fallout michael flynn's resignation continues, former national security adviser hillary clinton, jake sullivan, says one clinton campaign ever reached russia 2016 presidential campaign.",cnn
6,"chaffetz, goodlatte ask government watchdog investigate leaks",two top house republicans asked inspector general wednesday investigate leaks surrounding ouster former national security adviser michael flynn.,cnn
6,watch trump ignore several questions russia - cnn video,"cnn's jim acosta, sara murray joe johns received cold shoulder attempted ask president donald trump comment reported contacts senior advisers suspected russian operatives campaign.",cnn
6,"dc preps 'day without immigrants,' hill takes little notice","washington, dc, restaurants schools preparing ""day without immigrants"" protest thursday, far, policymakers live nation's capital haven't taken much notice.",cnn
6,women's march organizers set date general strike,"the organizers women's march washington set date general strike, dubbed ""a day without woman,"" march 8, international women's day.",cnn
7,boeing workers south carolina overwhelmingly reject union,workers boeing's south carolina plant go polls vote whether unionize.,cnn
3,trump backs two-state israeli-palestinian framework,"president donald trump rejected long-established us framework middle east peacemaking white house visit israeli prime minister benjamin netanyahu wednesday announced desire reach ""the ultimate deal.""",cnn
6,national security council vacuum sparks crisis fears,the vacant spot atop national security council triggering anxiety white house ill-prepared face sudden foreign policy crisis amid fresh concern politics play situation room.,cnn
6,trump administration lags filling key posts,"trump's administration remains largely unfilled four weeks presidency, 34 nearly 700 key senate-confirmed positions candidate announced",cnn
6,cruz calls john bolton security adviser - cnn video,sen. ted cruz (r-tx) says thinks former us ambassador united nations john bolton strong candidate president trump's national security adviser.,cnn
6,haass warns 'real doubts' among allies us reliability,"a leading foreign policy expert cautioned friday trump administration's departure traditional us foreign policy positions created ""real doubts"" among allies.",cnn
3,russian provocation: bluster genuine peril,"there's russian spy ship coast connecticut. crammed eavesdropping equipment, viktor leonov's visit latest string provocations.",cnn
12,2 dead storm rips southern california,"heavy rains slammed southern california friday, killing two people, downing power lines leaving cars submerged streets.",cnn
3,china grants trump trademark he's seeking decade,china moves quickly grant trump trademark he's seeking decade.,cnn
3,suspect kim jong nam's death thought prank,"a suspect death north korean leader's half brother thought participating television show squirted liquid face, police said.",cnn
1,columbia accidentally accepts students,"columbia university mistakenly emailed 277 master's program applicants accepted, quickly rescind offer, blaming ""human error.""",cnn
12,antarctic sea ice reaches record low,"there currently less sea ice surrounding antarctic continent point since reliable records began 1979, taking away key argument climate change skeptics.",cnn
3,pence: us 'strongly supports nato' - cnn video,"vice president mike pence assures allies united states ""unwavering"" commitment nato.",cnn
3,pence: u.s. hold russia accountable,"seeking assuage european fears refreshed washington-moscow ties, vice president mike pence told leaders saturday united states would hold russia accountable actions even works locate new areas cooperation.",cnn
3,mccain: people 'giving west' - cnn video,"cnn's fareed zakaria says sen. john mccain's speech security conference ""directly donald trump.""",cnn
3,murder suspect thought tv prank - cnn video,a suspect murder kim jong nam accused spraying face potentially lethal substance perfume bottle. woman told police thought harmless prank. cnn's brian todd reports.,cnn
6,there's one thing going right trump: economy,plenty reporters say white house 'chaos.' there's one big thing going right right now: u.s. economy.,cnn
10,car celebrity richard hammond talks launching drivetribe startup,"drivetribe, content startup aimed motoring enthusiasts, launched last year former top gear presenters jeremy clarkson, richard hammond james..",techcrunch
10,"weekly roundup: crispr-cas9 patent case concludes, mark zuckerberg’s 5,000 word letter global community","this week, crispr-cas9 patent case came close, encrypted messaging app went open source facebook announced big changes video..",techcrunch
10,theranos might life support,"it probably comes surprise: theranos, blood testing technology company worth billions, struggling survive. revenue, money set..",techcrunch
10,snap takes aim facebook roadshow video,snap embark investor roadshow prepares go public beginning march. new video gives glimpse at how be..,techcrunch
10,teslab companion app tesla owners waiting for,"tesla actually makes lot data available vehicle owners via apis endpoints, it's always easy find make use info. enter..",techcrunch
6,mccain: dictators 'get started suppressing free press',"sen. john mccain slammed president donald trump's attacks media week noting dictators ""get started suppressing free press.""",cnn
6,why trump wants hate media,"while trust media overall low, audiences significant levels trust media outlets trump attacking, frida ghitis writes",cnn
6,devos given u.s. marshals service protection,"secretary education betsy devos receiving protection united states marshals service, spokeswoman group told cnn saturday.",cnn
3,"omar abdel-rahman, 1993 world trade center bombing orchestrator, dies","omar abdel-rahman, egyptian-born cleric serving life sentence plotting 1993 bombing world trade center terror attacks new york, died, prison spokesman said. 78.",cnn
3,"norma mccorvey, roe v. wade figure, dies","norma mccorvey, known ""jane roe,"" plaintiff roe v. wade, us supreme court case established constitutional right abortion, died, priest close family said.",cnn
3,pentagon officials: russian actions 'test new administration',some pentagon officials believe russia testing president donald trump aggressive moves across globe.,cnn
10,ozobot raises $3 million toys teach kids coding basics off-screen,"there many toys market today promise teach kids programming skills, good percentage require use connected tablet or..",techcrunch
6,"looking boost, trump goes back loves: campaign rallies","after month arduous and, times, turbulent governing, president donald trump ready really loves: campaigning.",cnn
6,tillerson presides abrupt shakeup state department,secretary state rex tillerson reassigned majority staff meant work closely top us diplomat career officials state department fear start major reorganization.,cnn
6,roe v wade: woman us abortion legal test case dies,"norma mccorvey focus ""roe v wade"" case later called role ""a mistake"".",bbc-news
6,dutch populist geert wilders calls moroccans 'scum',"geert wilders heads polls ahead 15 march election, lead narrowing.",bbc-news
2,"about 1,800 'vulnerable' day-old chicks dumped field","the day-old chicks abandoned field, sparking investigation rspca.",bbc-news
6,vauxhall deal: pm set meet peugeot boss,the pm agrees meet boss france's psa group discuss planned uk takeover vauxhall.,bbc-news
6,barcelona protest support migrants draws thousands,protesters accuse government reneging promise allow migrants spain.,bbc-news
6,wednesbury man 'died' 27 times praises hospital staff,ray woodhall said suffered many cardiac arrests nurse apologised beat chest much.,bbc-news
9,burnley 0-1 lincoln city,lincoln become first non-league side 103 years reach fa cup quarter-finals dramatic last-minute win burnley.,bbc-news
6,brexit: jeremy corbyn tells tony blair respect result,the labour leader opposes tony's blair's call movement challenge brexit decision.,bbc-news
10,bill gates: pathogen could kill 30m year,"microsoft's founder warns virus, possibly created terrorists, could catastrophic effect.",bbc-news
6,new york bomb plot mastermind omar abdel rahman dies prison,"omar abdel rahman - serving life sentence us - dies prison, family says.",bbc-news
9,fa cup: lincoln city win 'football miracle' dramatic fifth-round day,"non-league side lincoln achieve 'football miracle' reaching fa cup quarter-finals, millwall knock leicester.",bbc-sport
9,"mo farah wins 5,000m laura muir breaks record british grand prix","mo farah takes victory 5,000m birmingham grand prix win final indoor race career.",bbc-sport
9,fa cup: shaun cummings scores late winner millwall leicester,late drama shaun cummings puts 10-man millwall ahead last minute leicester city fa cup fifth-round tie.,bbc-sport
9,warrington 27-18 brisbane - text & radio,live text coverage plus bbc radio 5 live sports extra radio merseyside commentary warrington wolves v brisbane broncos.,bbc-sport
9,welsh open 2017: judd trump face stuart bingham final,judd trump face stuart bingham welsh open final englishmen enjoy comfortable wins last four.,bbc-sport
9,"birmingham indoor grand prix: laura muir breaks dame kelly holmes' 1,000m record","laura muir breaks dame kelly holmes' british record win women's 1,000m birmingham indoor grand prix.",bbc-sport
9,celtic 2-0 motherwell,celtic restore 27-point advantage top scottish premiership victory motherwell.,bbc-sport
9,johanna konta withdraws dubai foot injury,british number one johanna konta withdraws dubai duty free championships foot injury.,bbc-sport
9,fa cup: sean raggett heads lincoln ahead burnley,sean raggett heads lincoln city ahead 89th minute burnley fa cup fifth round turf moor.,bbc-sport
6,"russia watches u.s. reassure allies, it's disappointed","shortly vice president mike pence pledged “hold russia account” looking common ground speech european allies, hawkish russian legislator reached shake hand passed crowded hotel corridor.",bloomberg
14,what spend bonus on,treat … others.,bloomberg
10,spacex halts rocket launch 10 seconds planned liftoff,"elon musk’s space exploration technologies corp. halted launch second rocket many months saturday, 10 seconds scheduled liftoff.",bloomberg
6,"revamped immigration plan precise, concise, kelly says","president donald trump’s revised executive order immigration “more streamlined” predecessor, u.s. homeland security secretary john kelly said, administration seeks way avoid ensnaring lawful u.s. entrants led parts original edict blocked federal courts.",bloomberg
13,kraft heinz takeover bid shakes big food slow growth,competitors relieved kraft heinz co. snubbed unilever may want skip celebration.,bloomberg
6,mccain says free press key democracy response trump,"a free times adversarial press essential “if want preserve democracy,” republican senator john mccain said response president donald trump’s description media enemy american people.",bloomberg
3,"u.s. policy north korea `not working,' chinese official says","the u.s. policy maintaining sanctions military pressure north korea refusing talk country isn’t working make matters worse, chinese official said saturday, venting beijing’s impatience stalemate isolated neighbor.",bloomberg
3,"superbugs, climate chaos bill gates un worried","microsoft co-founder bill gates joined united nations warn world leaders new series threats shaping megatrends, led global warming, superbugs artificial intelligence.",bloomberg
6,"first sons donald jr., eric preside trump dubai golf opening","president donald trump’s adult sons, manage sprawling business empire, guests honor launch new luxury golf course dubai, first opening trump-branded property since inauguration day.",bloomberg
13,samsung heir lee arrives shackled special prosecutors office,"south korean police saturday led jay y. lee, hands bound rope, into special prosecutors office arresting de facto head country’s largest industrial conglomerate corruption probe includes allegations bribery.",bloomberg
6,lavrov u.s. election hacking claims: ‘give us facts’,"foreign minister sergei lavrov pushed back accusations russian hackers meddled last year’s u.s. presidential election, saying one put forward proof former president barack obama’s administration ignored repeated overtures discuss cyber-security norms.",bloomberg
3,"in germany, male breadwinner still king",study finds that mothers increasingly staying part-time jobs instead returning full-time work,bloomberg
3,poland hails pence's russia stance seeks u.s. troops,"poland needs u.s. forces soil bolster defenses russia welcomes u.s. vice president mike pence’s assurance u.s. committed nato alliance, country’s defense minister said.",bloomberg
3,france's le pen denies allegations aides fake eu jobs,"french far-right leader marine le pen denied allegation european union’s fraud office gave aides fake parliamentary jobs, became second main contender nation’s presidential race become embroiled funding controversy.",bloomberg
3,boris johnson called equating brexit ‘liberation’,boris johnson delivered brexit-inspired english lesson roomful diplomats germany.,bloomberg
3,russia: eastern ukraine ceasefire starts monday,russian foreign minister sergei lavrov told reporters saturday ceasefire go effect eastern ukraine monday.,cnn
9,fa cup: best fifth-round goals include gestede volley & oxford's cheeky free-kick,"watch best goals saturday's fa cup action, including rudy gestede volley middlesbrough cheeky free-kick oxford united's chris maguire.",bbc-sport
9,millwall 1-0 leicester city,ten-man millwall secure stunning upset last-minute winner beat premier league champions leicester city reach quarter-finals fa cup.,bbc-sport
6,donald trump savages media florida rally,"the event, unusual sitting president, echoes held mr trump's successful campaign.",bbc-news
6,trump: 'i'm worried he's gonna give kiss',the us president invited supporter stage rally florida.,bbc-news
9,michael watson 'carjacking': ex-boxer friend injured,"michael watson, left partially disabled boxing match, needed hospital treatment.",bbc-news
3,briton ryan lock mourned kurdish community,"kurdish mourners gather heathrow airport pay tribute briton ryan lock, died fighting so-called islamic state syria.",bbc-news
3,barcelona protest support refugees draws thousands,protesters accuse government reneging promise allow refugees spain.,bbc-news
9,world club series: warrington wolves 27-18 brisbane broncos,"warrington get first win english club australian opponents since 2012, beating brisbane world club series.",bbc-sport
9,michael watson 'carjacking': ex-boxer friend injured - bbc news,"michael watson, left partially disabled boxing match, needed hospital treatment.",bbc-sport
9,claudio ranieri: leicester city manager calls 'soldiers gladiators',"leicester city need ""soldiers gladiators"" save season fa cup exit, says manager claudio ranieri.",bbc-sport
6,"trump rallies supporters renewing old promises, insults","melbourne, fla. (ap) -- four weeks administration, president donald trump appeared campaign rally mirrored months leading election day, complete promises repeal health care law, insults news media playlist highlighted rolling stones.",bloomberg
13,how behavioral economics help retire rich,here’s profit work.,bloomberg
13,hedge funds private village china,it’s exclusive enclave china’s aspiring masters universe.,bloomberg
6,trump gets wants florida: campaign-level adulation,"president donald trump, month arduous and, times, turbulent governing, got came saturday dusk rally here: campaign-level adulation.",cnn
6,watch trump brings supporter stage,,cnn
10,spacex aborts flight due rocket issues,"spacex delayed launch saturday morning ""out abundance caution."" private space firm try sunday morning.",cnn
14,bullish,"bullish​ techcrunch's premiere talk show tech, startups diversity. airing wednesdays 10 et / 7 pt.",techcrunch
6,trump brings supporter stage rally - cnn video,"president trump supporter crowd join stage deliver remarks rally melbourne, florida.",cnn
6,jeremy corbyn 'determined finish job',"party leader accepts 'share responsibility' by-election loss ""determined"" stay on.",bbc-news
6,president trump skip white house correspondents' dinner,the us president traditionally attended still go ahead mr trump's absence.,bbc-news
9,mo farah's coach alberto salazar may breached drug rules - leaked usada report,"the american coach olympic champion mo farah may broken anti-doping rules boost performance athletes, says leaked report.",bbc-news
3,uk terror threat 'at highest since 1970s ira plots',"a uk watchdog says so-called islamic state plans ""indiscriminate attacks innocent civilians"".",bbc-news
3,caroline wyatt: ms 'brain fog' lifted stem cell treatment,"caroline wyatt said ""brain fog began lift"" paid treatment mexico.",bbc-news
3,david harewood: next doctor black female,"actor david harewood says doctor ""needs something different"" - he'd it.",bbc-news
15,vehicle hits crowd new orleans parade,"twenty-eight people injured, seriously, police say terrorism suspected.",bbc-news
5,oscars: moonlight warms independent spirit awards win,low-budget drama moonlight warms sunday's oscars winning six independent spirit awards.,bbc-news
3,brexit: heseltine vows rebel lords bill debate,senior tory lord heseltine says rebel ministers peers debate brexit bill.,bbc-news
3,kim jong-nam killing: malaysia airport terminal declared safe,north korean leader's half brother killed nerve agent airport two weeks ago.,bbc-news
9, watch match day,watch bbc one live bbc iplayer.,bbc-sport
9,manny pacquiao amir khan fight april,wbo world welterweight champion manny pacquiao great britain's amir khan agree fight 23 april.,bbc-sport
9,gb men's skeleton,"watch live bbc sport coverage men's skeleton followed four-man bobsleigh world championships konigssee, germany.",bbc-sport
9,claudio ranieri: jamie vardy says speculation manager's sacking 'untrue',"leicester city striker jamie vardy says speculation involved claudio ranieri's dismissal ""untrue extremely hurtful"".",bbc-sport
9,six nations 2017: vern cotter hails scotland's second-half show wales,"head coach vern cotter lauds scotland's second-half display wales, rack 20 unanswered points win.",bbc-sport
9,chelsea 3-1 swansea city,chelsea stretch lead top premier league table 11 points victory swansea city stamford bridge.,bbc-sport
9,"six nations 2017: 'i wanted three points, kickers said no' - wales captain jones","captain alun wyn jones wanted kick goal crucial point scotland, says kickers said ""no"".",bbc-sport
9,gavin mcdonnell loses points rey vargas wbc world title fight,gavin mcdonnell fails bid join twin brother jamie world champion majority-decision loss rey vargas.,bbc-sport
9,six nations 2017: ireland 19-9 france,ireland beat france 19-9 dublin keep alive hopes winning third six nations championship four years.,bbc-sport
13,buffett says $100 billion wasted trying beat market,billionaire investor warren buffett devoted substantial portion annual letter deepen long-running critique investment fees.,bloomberg
6,"millions may lose coverage obamacare repeal, governors told","policies supported republican congressional leaders repeal replace obamacare could lead millions people lose health coverage, according presentation given state governors meeting saturday washington.",bloomberg
6,trump seeks credit america's debt reduction,president donald trump asked twitter media hasn’t reported national debt dropped since inauguration.,bloomberg
10,facebook's clones attack snapchat,"facebook's approach snapchat been: can't buy it, copy it.",bloomberg
6,trump says won't attend white house correspondents dinner,"president donald trump said won’t attend year’s white house correspondents association dinner april 29, following weeks attacks news organizations included calling “the enemy american people.”",bloomberg
5,the oscars looking diverse year,this year’s oscar nominees include seven people color best supporting acting categories.,bloomberg
13,the next financial crisis might driveway,"with late payments rise, dealership upsell begins look dangerous.",bloomberg
6,"white house denies briefing access new york times, politico, cnn","white house press secretary sean spicer excluded several major news outlets, including new york times cnn, untelevised media briefing friday, hours president donald trump assailed coverage administration.",bloomberg
6,perez elected democratic chair party seeks new direction,"former labor secretary tom perez elected chairman democratic national committee saturday, party struggles set new direction hillary clinton’s november loss donald trump.",bloomberg
6,trump declines attend white house correspondents' dinner,"president donald trump announced attend year's white house correspondents' dinner, move comes amid increasingly hostile relations media white house.",cnn
6,"jen psaki: without free press, democracy dies",the former obama white house communications director says trump administration's combative approach press risks following model russia.,cnn
6,president trump starts rally attacking media - cnn video,"at campaign-style rally melbourne, florida, president trump started attacking media saying wanted speak crowd without filter ""fake news.""",cnn
6,republican lawmaker: russia investigation needs special prosecutor,"a republican lawmaker supported donald trump 2016 presidential election said special prosecutor investigate reported communications trump campaign russians known us intelligence, attorney general jeff sessions.",cnn
6,national security adviser: term 'radical islamic terrorism' isn't helpful,"new national security adviser h.r. mcmaster already setting strikingly different tone ousted predecessor, michael flynn, president donald trump, saying term ""radical islamic terrorism"" isn't helpful us goals.",cnn
6,trump's call us nuclear supremacy raises questions,"president donald trump would like us ""at top pack"" comes nuclear weapons",cnn
6,trump: us top pack nukes - cnn video,president donald trump told reuters us leading world nuclear weapons. statement left non-proliferation experts puzzled concerned.,cnn
6,trump costing us friends,"while president donald trump busy ignoring reality low approval ratings bathing embrace adoring crowd last weekend, foreign policy challenges stacking up.",cnn
15,truck rams crowd mardi gras parade,"one man custody pickup truck rammed crowd new orleans mardi gras parade, police said. least 21 people hurt.",cnn
6,perez wins dnc chairmanship,democrats chose new chair lead battered party tries channel base's anti-donald trump energy electoral rebound.,cnn
10,this baby monitor uses radar detect infant breathing patterns,"i’ll honest, hearing raybaby made happy don’t kids. mere thought needing device monitor child’s breathing..",techcrunch
10,uber employees chatting uber’s leadership anonymous workplace app blind,uber employees flocked anonymous workplace app called blind sort catharsis since ex-uber engineer susan fowler rigetti posted being..,techcrunch
10,elon musk addresses working condition claims tesla staff-wide email,"tesla ceo elon musk shared results investigation factory working conditions carmaker, following accusations employee and..",techcrunch
10,"weekly roundup: uber responds sexual harassment claim, nasa discovers earth-like planets","tech news heavy week. uber facing sexual harassment claim well lawsuit google, nasa discovered planets could prove be..",techcrunch
10,"while tech giants hire, startups fret — has brexit britain become la la land?","if you’ve read latest headlines britain’s tech industry, you’d think country hadn’t rocked greatest political economic..",techcrunch
6,"don't give up, jeremy corbyn urges labour","leader says party must ""remain united"" following by-election loss conservatives.",bbc-news
5,"bill paxton, actor known aliens titanic, dies aged 61","actor bill paxton, known roles aliens titanic, died aged 61, family tell us media",bbc-news
3,germany hate crime: nearly 10 attacks day migrants 2016,"more 3,500 attacks carried migrants asylum shelters germany last year.",bbc-news
15,"girl, five, died asthma attack gp turned away","five-year-old ellie-may clark, minutes late appointment, died asthma attack.",bbc-news
10,nokia 3310 mobile phone resurrected mwc 2017,an iconic nokia phone revamped added battery life new features alongside several nokia-branded android models.,bbc-news
9,six nations 2017: england 36-15 italy,england overcome stern challenge italy remain unbeaten year's six nations stretch winning run 17 matches.,bbc-news
6,disability benefits: pips 'really disabled',a key theresa may aide criticised comments defending changes pips system.,bbc-news
7,former ernie building demolished blackpool,"the former home original ernie machine, generated winning premium bond numbers, demolished.",bbc-news
15,man critical car hits five people bellingham,one man critical four others injured mercedes crashes south-east london.,bbc-news
9,efl cup final: man utd 2-2 saints - gabbiadini leads saints comeback,listen bbc radio 5 live commentary follow updates efl cup final wembley.,bbc-sport
9,tottenham hotspur 4-0 stoke city,harry kane scores third hat-trick nine games tottenham react european exit hammering stoke go second league.,bbc-sport
9,fa people’s cup: first round - day three,"follow live text commentary, match action best social media day three 2017 fa people’s cup first round.",bbc-sport
9, bobsleigh skeleton world champs highlights,watch bbc two live bbc iplayer.,bbc-sport
9,formula 1: red bull launches new rb13 car 2017,red bull unveils car many expect closest challenger world champions mercedes 2017 - rb13,bbc-sport
9,welsh rugby international elli norkett dies a4109 crash - bbc news,a woman died crash neath port talbot named wales rugby international elli norkett.,bbc-sport
9,atletico madrid 1-2 barcelona,lionel messi scores late winner barcelona beat atletico madrid move top la liga.,bbc-sport
6,trump's great chance tell us really wants,there's lot confusion clear president addresses congress tuesday night.,bloomberg
10,google assistant goes beyond pixel take apple's siri,"google bringing voice assistant latest android phones, starting closer partnership lg electronics.",bloomberg
13,"for warren buffett, america’s best days always lie ahead","every new generation babies “luckiest crop,” things never bad seem.",bloomberg
6,"trump's budget won’t touch entitlement programs, mnuchin says","treasury secretary steven mnuchin said president donald trump’s upcoming budget won’t touch entitlement programs social security medicare, instead focus ways produce long-term economic growth slashing taxes.",bloomberg
13,goldman sachs warns u.s. stocks reaching peak optimism,peak optimism fast approaching.,bloomberg
13,why la la land worked better anyone dreamed,"how value investing, mixed contrarian streak, helped lions gate beat blockbuster model.",bloomberg
13,"deutsche bank cuts 2016 bonus pool almost 80%, fas reports","deutsche bank ag cut bonus pool 2016 almost 80 percent, frankfurter allgemeine sonntagszeitung reported, figure unmatched bank’s recent history tries counteract impact low interest rates legal expenses.",bloomberg
13,these ways saudi aramco ipo could impact markets,"the exact dollar value saudi aramco may debate, but the listing world’s biggest company priceless kingdom’s markets.",bloomberg
5,"bill paxton, actor 'twister' 'aliens,' dies 61","actor bill paxton, whose extensive career included films ""twister,"" ""aliens"" ""titanic,"" died, representative family said statement. 61.",cnn
5,bill paxton's memorable roles - cnn video,"actor bill paxton, whose extensive career included films ""the terminator,"" ""aliens"" ""titanic,"" died age 61, representative family said statement.",cnn
16,people we've lost 2017,a look back notable people died 2017.,cnn
6,perez: need investigate whether presidential election 'rigged',new democratic national committee chairman tom perez joining calls independent investigation reported contacts president donald trump's campaign russians known us intelligence.,cnn
6,christie lawmakers avoiding town halls: go job,new jersey gov. chris christie says republican lawmakers hold town halls even means confronting hundreds angry progressive constituents.,cnn
15,8-year-old fatally shot crash - cnn video,police searching people shot killed 8-year-old de'maree adkins traveling mother houston.,cnn
6,sanders: 'impressed' dnc election process,"bernie sanders said ""state union"" sunday doesn't believe candidate democratic national committee chairman, minnesota rep. keith ellison, defeated saturday election rigged, system could use retooling.",cnn
6,perez: trump worst president us history - cnn video,"the democratic national committee elected tom perez new chairman, voting former labor secretary minnesota rep. keith ellison 235-200 vote.",cnn
10,"lg unveils g6, swapping modularity new screen dimensions and waterproofing","the modular g5 novel device, novelty alone doesn’t sell phones. lg went back drawing board followup, result is, a..",techcrunch
10,live samsung’s 2017 mwc press conference,"a happy mobile world congress yours. world’s largest smartphone show still couple days from official kick off, but..",techcrunch
10,huawei’s shiny p10 flagships come (almost) colors the rainbow,"if you're bored old monotone/metallic smartphone color choices, chinese mobile maker huawei thinking little differently just..",techcrunch
10,lg proves taller screens future of smartphones,"bigger screens don’t cut anymore. now, need taller screens. i’ve playing lg g6 past 24 hours. many ways, another..",techcrunch
10,the age giant battery almost upon us,the idea giant batteries may someday revolutionize electrical grids long enthralled clean-power advocates environmentalists. it’s attracting bankers money make happen.,bloomberg
5,bill paxton: filmmaking always dream (2005) - cnn video,actor bill paxton tells larry king filmmaker always dream,cnn
5,ben stein: media trump nixon - cnn video,"while defending president trump's decision skip white house correspondence dinner, ben stein said media ""trying trump nixon"" watergate scandal.",cnn
5,oscars mistake: moonlight wins best picture announcement mix-up,moonlight wins best picture oscars - faye dunaway initially says la la land won.,bbc-news
5,the moment producers realised hadn't won,the moment la la land producer realised moonlight oscar best picture,bbc-news
5,in pictures: oscars glitz glamour red carpet,"stars including emma stone, viola davis dev patel walk red carpet 89th academy awards.",bbc-news
5,oscars winners 2017: full list,all winners year's academy awards.,bbc-news
5,"oscar speech highlights: moonlight, la la land more","winners 89th academy awards, including viola davis, emma stone, mahershala ali casey affleck.",bbc-news
5,nine epic fails awards ceremonies tv contests,"la la land wrongly given best picture oscars, first jaw-dropping award fail.",bbc-news
5,woman deported singapore despite 27-year marriage,"irene clennell sent back singapore, leaving behind husband sons britain.",bbc-news
6,labour mp gerald kaufman dies 86,sir gerald mp since 1970 became oldest serving member commons 2015.,bbc-news
15,child sex abuse inquiry public hearings start,the first public sessions focus british children sent australia 1945 1974.,bbc-news
13,energy bills: customer switching hits six-year high,"consumers likely seek better deals, regulator warns many still lose out.",bbc-news
9,efl cup final: manchester united win make season success?,"jose mourinho zlatan ibrahimovic's partnership hints success manchester united, writes phil mcnulty.",bbc-sport
9,six nations 2017: italy's tactics test england - eddie jones' patience - limit,"italy's tactics twickenham tested england - eddie jones' patience - limit, writes tom fordyce.",bbc-sport
9,f1 testing 2017: day one,"follow live text commentary, images, social media analysis first day testing circuit de catalunya.",bbc-sport
9,"garth crooks' team week: ibrahimovic, gabbiadini, kane, fabregas, kante",who next nearest thing n'golo kante? whose presence old trafford like roy keane? find garth's team week.,bbc-sport
9,anthony mcgill wins one-frame coral shoot tournament,anthony mcgill wins shoot title watford first year one-frame format counted ranking event.,bbc-sport
9,fa people's cup 2017 kicks even bigger better ever!,"more 6,000 teams joined battle first stage fa people's cup 2017 - here's round-up weekend's action, more...",bbc-sport
9,six nations remix: england don't know rules,"an alternative look back third round six nations, england don't know rules, eddie jones angry rhys webb impish.",bbc-sport
9,andy murray says 'ready go' dubai tennis championships,"world number one andy murray says ""ready go"" dubai tennis championships bout shingles.",bbc-sport
6,"proposed trump budget hike defense spending, cut epa","president donald trump proposing major defense spending increases big cuts environmental protection agency, state department federal agencies proposed budget presented soon congress, said person familiar plan.",bloomberg
13,fed turns job hoppers 1950s inflation guide shows age,"adrienne heintz, atlanta marketing professional, discovered reliable way earn higher wages, federal reserve economists taking note.",bloomberg
3,china's spat kim jong un shows difficulty stopping him,the rare public spat china north korea illustrates dilemma facing beijing’s leaders try coax kim jong un back negotiating table.,bloomberg
5,last-minute `moonlight' oscar win marks black film milestone,"in upset made shocking way announced, “moonlight” oscar best picture, crowning achievement african-american filmmakers two years controversy institutional racism hollywood.",bloomberg
3,pound drops may reported brace new scottish referendum,the pound fell major peers times reported u.k. prime minister theresa may’s team preparing scotland potentially call independence referendum march.,bloomberg
13,buffett stings hedge funds anew `misbegotten' rewards,warren buffett’s sweeping endorsement index investing sure sting hedge-fund industry encourage stampede assets passively track market.,bloomberg
13,age populism shakes pedestal central bank independence,"as populism grips europe, u.s. elsewhere, targets ripe political assault institutions stuffed unelected technocrats wielding power affect economic fate millions.",bloomberg
6,chao warns governors: paying big transport plans hard,"the white house working plans improving u.s. transportation key structures, agreeing pay expensive new projects won’t easy, transportation secretary elaine chao told nation’s governors.",bloomberg
10,"samsung teases release galaxy s8, shows new tablets",​samsung electronics co. teased coming galaxy s8 smartphone released new tablets targeting video-gamers professionals company seeks regain ground lost pulling note 7 shelves last year.,bloomberg
6,past cia director brennan says russia probe must bipartisan,former cia director john brennan called congressional committees looking possibility russian interference 2016 u.s. presidential election “pursue investigation vigor appropriate amount bipartisan support.”,bloomberg
5,oscars 2017: 'moonlight' wins best picture confusion,,cnn
5,'moonlight' wins best picture oscar baffling on-stage flub,it's oscar moment go history.,cnn
5,watch: best picture mix-up stage - cnn video,"faye dunaway warren beatty presented ""la la land"" winner best picture award, celebration began stage quickly ended one ""la la land"" winners pointed fact ""moonlight"" award.",cnn
5,"oscars mix politics, silliness shocking twist ending","academy awards review jimmy kimmel brings silliness oscars punctuated politics, silliness shocking twist ending",cnn
5,oscars: winners list,oscar winners 2017 list,cnn
5,oscars 2017: red carpet,see photos red carpet 2017 academy awards.,cnn
5,netflix's 'the white helmets' wins oscar,"""the white helmets,"" documentary volunteer rescue workers syria, took home oscar best documentary short sunday. first academy award win netflix, distributed film.",cnn
6,fallen seal's dad slams trump,"bill owens, father navy seal killed late-january raid yemen, leveled biting criticism white house called investigation son's death news story published sunday.",cnn
6,"dhs's kelly promises softer stance immigration, travel ban",homeland security secretary john kelly said immigration enforcement would limited criminals travel ban won't target muslims.,cnn
6,navy secretary nominee philip bilden withdraws,"president trump's nominee secretary navy, philip bilden, withdrawn name consideration, bilden secretary defense jim mattis said sunday statements.",cnn
9,sportsday - reaction man utd's cup win,"latest football news including fallout efl cup final, plus gossip best social media.",bbc-sport
9,manchester united: jose mourinho believes zlatan ibrahimovic stay club,"manchester united manager jose mourinho believes striker zlatan ibrahimovic stay - ""beg"" so.",bbc-sport
13,insurance premiums 'set soar' compensation changes,"insurers say changes calculation compensation payments accident victims ""crazy"".",bbc-news
15,iicsa child sex abuse inquiry public hearings way,a former child migrant breaks talking british children abused overseas.,bbc-news
6,trump lays hike military spending,donald trump proposes $54bn (£43bn) military spending increase - rise 10% 2016.,bbc-news
5,oscars 2017: moonlight wins best picture announcement mix-up,barry jenkins' moonlight wins best picture oscars error involving wrong envelopes.,bbc-news
3,france election: people voting marine le pen,we go behind scenes national front rally nantes.,bbc-news
3,sir john major attacks 'unreal' brexit vision,"the former tory prime minister also says costs leaving eu ""unpalatable"".",bbc-news
5,game thrones actor neil fingleton dies,"neil fingleton, 7ft 7in britain's tallest man, basketball player became actor.",bbc-news
6,john mcdonnell says 'soft coup' launched corbyn,"shadow chancellor john mcdonnell says plotters using ""dark arts"" destabilise labour's leader.",bbc-news
15,simon cowell burglary: man guilty stealing £1m gems,simon cowell asleep house family broken into.,bbc-news
9,leicester v liverpool: foxes' first game since ranieri sacking,"text radio coverage leicester, without sacked claudio ranieri, take liverpool, go third win.",bbc-sport
9,england v italy: world rugby says 'too early speculate law changes',"it ""too early speculate"" rule changes italy used controversial tactics england, says sport's governing body.",bbc-sport
9,lewis hamilton fastest mercedes first pre-season testing day,mercedes ferrari enjoy impressive starts pre-season testing red bull mclaren hit trouble.,bbc-sport
9,craig shakespeare: leicester caretaker boss frame get job permanent basis,caretaker boss craig shakespeare firmly contention leicester manager's job longer-term basis claudio ranieri's sacking.,bbc-sport
9,david wagner garry monk banned fa touchline altercation,"huddersfield boss david wagner given two-match touchline ban £6,000 fine altercation leeds counterpart garry monk.",bbc-sport
9,"italy, ruck-gate 'the chaos theory', 5 live’s rugby union weekly - bbc radio 5 live",ugo chris italy frustrating england innovative tactics ruck.,bbc-sport
9,rowing: triple olympic champion andrew triggs-hodge retires,britain's triple olympic champion andrew triggs-hodge announces retirement rowing.,bbc-sport
9,roger federer beats benoit paire return action dubai championships,roger federer wins dubai tennis championships opener france's benoit paire 54 minutes.,bbc-sport
9,england lions: liam livingstone matches feat achieved kevin pietersen,"england lions lose second four-day match sri lanka a, liam livingstone matches feat achieved kevin pietersen.",bbc-sport
9,"alex young: former hearts, everton & scotland forward dies, aged 80","former hearts, everton scotland forward alex young died age 80.",bbc-sport
6,trump tells large health insurers expect ‘something special’,"president donald trump told major u.s. health insurers at white house meeting monday expect “something special” replace obamacare, administration gets involved republican efforts repeal health-care law.",bloomberg
3,mexico warns u.s. it'll cut nafta talks tariffs added,,bloomberg
13,"as wall street thrives, america's little guy chokes paperwork","if american banks big fail, others begun feel they’re small succeed.",bloomberg
13,tesla tanks goldman downgrades sell,tesla inc. fell 5 percent goldman sachs group inc. turned negative stock cast doubt chairman elon musk’s ability deliver company’s new vehicle time.,bloomberg
13,warren buffett sees republicans needing dial back tax plan ambitions,"warren buffett cast doubt controversial centerpiece house speaker paul ryan’s tax overhaul plan, saying measure would lead higher prices consumers likely scaled back it’s politically contentious.",bloomberg
13,earth’s orbiting junkyard threatens space economy,rocket satellite litter endangering private space commerce. enter cosmic debris tracking industry.,bloomberg
13,infrastructure stocks climb trump pledges spend 'big',"president donald trump breathed life back beaten-down stocks seen benefiting higher spending highways bridges, promising spend",bloomberg
5,let red carpet knockoff war begin,"the oscars over, legal battle protect stunning dresses starting.",bloomberg
10,"after google grounds drone project, facebook ramps flights","while google shuttered its titan drone project, facebook inc. planning ramp test flights experimental solar-powered glider.",bloomberg
3,seoul says north korea executed 5 senior security officials,"seoul, south korea (ap) -- north korea executed five senior security officials anti-aircraft guns made false reports that",bloomberg
6,trump propose $54 billion cuts 'most federal agencies',"president donald trump's first budget proposal look increase defense security spending $54 billion cut roughly amount non-defense programs, white house said monday.",cnn
14,cnngo - cnn.com,"cnngo revolutionary news-watching experience offers live cnn broadcast unprecedented features. catch-up stories you‘ve missed, go deeper learn stories interest related coverage, enjoy popular demand shows",cnn
6,how paul ryan getting trump's team ready battles congress,it's hard overstate much house speaker paul ryan's plate right now. presides restive group republicans deposed predecessor. he's dealing new president -- even best days -- refuses stick script trouble throwing party orthodoxy window. many top staffers work new administration idea congress works.,cnn
6,trump unites gop democrats bicker,"if hillary clinton presidency last year, tom perez, freshly elected democratic national committee chair, might well entering second month running justice department.",cnn
6,why trump's tuesday speech isn't state union address,president donald trump set give address joint session congress tuesday -- technically won't first state union address.,cnn
6,trump: 'nobody knew health care could complicated',"president donald trump noted exasperation monday complexity nation's health laws, he's vowed reform part bid scrap obamacare.",cnn
6,live: dem. leaders' prebuttal trump joint session,,cnn
3,pentagon sends isis options white house,"the pentagon sent president donald trump calls ""preliminary framework"" options ramp us battle isis, plan requested order make good campaign vow crush extremist group.",cnn
6,george w. bush: power addictive - cnn video,"former president george w. bush asked media interview nbc's ""today,"" responded media essential democracy power addictive.",cnn
5,oscars mistake: timeline historic blunder,"the big moment ""moonlight"" came presenters warren beatty faye dunaway accidentally announced wrong winner. here's happened.",cnn
10,why nokia’s feature phone nostalgia stole thunder year’s flagships,"mobile world congress kicked weekend press conferences samsung, sony, lg motorola. anyone seems care a..",techcrunch
10,this probably samsung galaxy s8,"samsung set announce galaxy s8 smartphone late march, the two videos couple images embedded appear show working units. the..",techcrunch
10,we don’t need surface clones,"when microsoft launched surface line back 2012, combination tablet keyboard cover (married smart kickstand), innovative. with..",techcrunch
10,softbank talks invest $4 billion in wework,softbank linked investment could value wework $20 billion. cnbc reported japanese telco giant gearing to..,techcrunch
9,alex hales join england west indies tour,england opener alex hales join side tour west indies recovering hand fracture.,bbc-sport
9,top soviet olympic gymnast olga korbut sells medals - bbc news,"the former gymnast, darling 1972 munich olympics, auctions medals pay bills.",bbc-sport
10,nobel winner: attack experts 'undermines science',"one uk's top scientists, sir paul nurse, says experts ""derided pushed back"".",bbc-news
9,leicester 0-0 liverpool: foxes' first game since ranieri sacking,"text radio coverage leicester, without sacked claudio ranieri, take liverpool, go third win.",bbc-sport
6,republicans set move agenda rough week off,congressional republicans return washington monday prepared plow ahead agenda long week back districts high-octane town halls featuring contentious run-ins constituents dominated headlines.,cnn
6,"gop returns daunting task dismantling obamacare, selling plan trump",republicans return washington monday becoming increasingly daunting undertaking: dismantling obamacare.,cnn
9,david haye & tony bellew kept apart liverpool news conference,david haye tony bellew kept apart security guards exchange insults heated liverpool news conference.,bbc-sport
6,live: senator sanders j street conference,,cnn
9,leicester 2-0 liverpool - dominant foxes score first league goals 2017,"text radio coverage leicester, without sacked claudio ranieri, take liverpool, go third win.",bbc-sport
10,uber's engineering head departs harassment claims surface,uber technologies inc. executive amit singhal resigned ride-hailing company learned sexual harassment allegations previous job google.,bloomberg
6,trump promises ‘something special’ health care speech,"president donald trump said address joint session congress tuesday offer “something special” health-care overhaul efforts, administration gets increasingly involved republican plans repeal replace obamacare.",bloomberg
15,judge convicts leeds 'cash crash' killers,trial jury leeds crown court discharged attempts made bribe jurors.,bbc-news
10,spacex fly two tourists around moon 2018,the us rocket company says customers already paid flight planned late 2018.,bbc-news
3,'hundreds' us jewish graves attacked philadelphia,the incident marks second major attack jewish cemetery past week.,bbc-news
15,el salvador's much-loved hippo gustavito killed zoo,"while murder long lost capacity shock el salvador, gustavito's death hit nerve.",bbc-news
9, watch: match day 2,watch bbc one live bbc iplayer.,bbc-sport
9,leicester city 3-1 liverpool,leicester produce superb display beat liverpool move bottom three first game since sacking claudio ranieri.,bbc-sport
9,"hungry like fox, flintoff, savage ping pong guy - bbc radio 5 live","andrew flintoff, robbie savage & matthew syed talk sport, life everything in-between.",bbc-sport
10,musk’s spacex plans 2018 flight circling moon civilians,elon musk’s space exploration technologies corp. plans send two private citizens trip around moon late next year continues work nasa crewed mission international space station.,bloomberg
6,generals white house: don't cut state department,more 120 retired generals admirals signed letter monday pushing back white house's proposal make major cuts diplomacy development.,cnn
6,schiff: conclusion trump-russia probe - cnn video,"rep. adam schiff, ranking member house intelligence committee, says without independent analysis, it's early draw conclusions trump advisers' involvement russian officials. schiff's statement differs opinion committee's chairman, rep. devin nunes. cnn's jim sciutto breaks down.",cnn
6,trump admin looks hire border agents,the department homeland security exploring ways make easier hire agents help fulfill president donald trump's ambitious border security plans,cnn
10,spacex fly two space tourists around moon 2018,elon musk said two tourists travel around moon 2018 spacex.,cnn
10,uber’s svp amit singhal leaves company didn’t disclose sexual harassment allegation at google,"uber's svp engineering, amit singhal, left company earlier today uber ceo travis kalanick asked step down, recode reports. according to..",techcrunch
10,spacex send 2 people trip around moon next year,"elon musk promised spacex news today, looks like made way out: company going send two people trip around moon. but..",techcrunch
10,boston dynamics’ handle robot dominates parkour wheels new footage,boston dynamics' wheeled handle robot received much fanfare earlier month dfj partner steve jurvetson slipped us early video company..,techcrunch
10,samsung jumps shark fake news,samsung released press statement declaring galaxy s7 edge as winning best smartphone award mobile world congress 2017. that didn't happen...,techcrunch
6,trump's epa budget cuts may unleash backlash risks remain,president donald trump’s plan slash environmental protection agency’s $8.3 billion budget would almost certainly mean making deep cuts programs protect air water invoke fierce protests environmentalists.,bloomberg
13,morgan stanley takes $70 million charge tax-reporting error,morgan stanley said took $70 million charge tied tax-reporting errors brokerage business 2011 2016.,bloomberg
5,espn's 'sportscenter' gives way serious films oscar win,"on stage front biggest movie stars world, documentary filmmaker ezra edelman clutched first oscar thanked fellow newcomer hollywood awards circuit: espn.",bloomberg
9,leicester 3-1 liverpool: foxes made right decision - dietmar hamann,"match day 2 pundit dietmar hamann says leicester's 3-1 victory liverpool shows club made ""right decision"" sack manager claudio ranieri.",bbc-sport
6,sources: trump signed checking white house staffers' phones,"president donald trump signed press secretary sean spicer's decision check aides' cell phones make certain weren't communicating reporters text message encrypted apps, multiple sources confirmed cnn monday.",cnn
15,tunisia terror attack: inquest death 30 britons finish,the coroner examined whether uk government travel firms failed protect british tourists.,bbc-news
10,blood tests spot ovarian cancer early,"there screening programme disease, patients say would ""enormous benefit"".",bbc-news
6,uk 'must insulate 25 million homes',"huge numbers draughty homes could stop meeting emissions targets 2050, report says.",bbc-news
15,prosecutions 'rare' abuse home carers,"there 23,000 allegations abuse care workers people's homes 2013 2016.",bbc-news
16,free range eggs temporarily lose status bird flu measures,hens kept barns weeks emergency measures limit spread bird flu.,bbc-news
15,prison officers withdraw riot duty pay dispute,the move part fresh wave industrial action announced officers england wales.,bbc-news
5,firms urged publish ethnic breakdown,a government-backed review says greater openness race pay could help stamp inequality.,bbc-news
6,gop obamacare plan suffers blow rejection key republican,the leader largest group house conservatives said monday couldn’t support party’s existing obamacare replacement strategy.,bloomberg
3,exxon's post-tillerson fortunes closer home new ceo pivots,exxon mobil corp. pinning fortunes closer home new ceo darren woods veers oil titan’s longtime focus asian african riches.,bloomberg
3,vietnam wants gamblers staking $800 million home,"communist leaders looking casinos, horse betting modern lottery-ticket machines raise money schools hospitals.",bloomberg
13,tech startup market sinks lowest point three years,concerned venture capitalists sit stock market’s trump bump.,bloomberg
6,senate confirms wilbur ross trump's commerce secretary,"billionaire wilbur ross confirmed u.s. commerce secretary senate, clearing way one president donald trump’s key trade officials take office.",bloomberg
3,u.s. shale surge threatens opec strategy,"opec’s output agreement may put floor prices, also prompted return u.s. shale.",bloomberg
6,sessions says he'll recuse russia probe needed,u.s. attorney general jeff sessions said first time he’ll recuse necessary investigations contacts associates president donald trump may russian government officials.,bloomberg
10,hindenburg memories cloud shell's vision hydrogen future,"taxi driver theo ellis, first person europe drive toyota motor corp.’s hydrogen-powered mirai sedan business, loves telling passengers technology emits nothing water.",bloomberg
6,trump says obama behind leaks,"president donald trump said believes former president barack obama behind leaks within administration sizable, angry town hall crowds republicans faced across country.",cnn
6,house intel committee agrees scope trump-russia probe,members house intelligence committee agreed monday evening boundaries investigation russia's alleged interference us elections.,cnn
6,sanders mocks trump saying nobody knew health care 'complicated',"vermont sen. bernie sanders described health care ""very, complicated,"" hours president donald trump said, ""nobody knew health care could complicated.""",cnn
6,trump budget plan shows would reshape nation,an early glimpse president donald trump's first budget proposal offers clearest blueprint yet plans remake nation.,cnn
6,here's know trump's budget math,president donald trump outlined broad strokes budget proposal remarks washington monday.,cnn
6,trump budget: we're less - cnn video,president trump pressure explain deep budget cuts plans replace obamacare addresses congress tomorrow,cnn
6,trump promises 'renewal american spirit' speech congress,"the president promises ""new chapter american greatness"" speech congress.",bbc-news
3,kim jong-nam death: two women face murder charges,they could face death penalty convicted murdering north korean leader's brother.,bbc-news
16,how far school dinner chicken travel?,"school children served chicken produced 6,000 miles away thailand, bbc investigation found.",bbc-news
6,the us poverty challenge facing donald trump,"ian pannell reports city baltimore, 25% population lives poverty.",bbc-news
9,brighton & hove albion 1-2 newcastle united,newcastle score twice final 10 minutes come behind beat championship promotion rivals brighton.,bbc-sport
9,hamilton academical 1-0 aberdeen,mikey devlin scores winner hamilton climb ninth premiership victory aberdeen.,bbc-sport
9,liverpool's 2022 commonwealth games offer durban admits uncertainty - bbc news,liverpool offers host 2022 commonwealth games hosts durban admit funding concerns.,bbc-sport
9,mclaren struggle ferrari's kimi raikkonen tops day two barcelona test,"mclaren's dire start pre-season testing continues second day problems honda's new engine, ferrari set pace.",bbc-sport
9,jess varnish: british cyclist wants resume career shane sutton controversy,"cyclist jess varnish given hope resuming career dropped british cycling's elite programme, says lawyer.",bbc-sport
9,why former england cricketer james taylor still can't trust heart,james taylor says learning trust heart internal defibrillator surgically fitted last year help deal irregular heartbeat.,bbc-sport
9,ayr united 1-0 raith rovers,"farid el alagui's header enough ayr united beat raith rovers, bizarrely play midfielder ryan stevenson goalkeeper.",bbc-sport
9,"andy murray beats malek jaziri dubai championships, dan evans beats dustin brown",world number one andy murray beats tunisia's malek jaziri dubai championships first match six weeks.,bbc-sport
9,six nations: jonathan joseph included england squad italy exclusion,jonathan joseph recalled england squad training camp ahead next weekend's six nations meeting scotland.,bbc-sport
9,blackburn rovers 1-0 derby county,blackburn rovers boost championship survival chances gutsy victory derby county ewood park.,bbc-sport
6,justice ginsburg opts skip trump’s speech congress,u.s. supreme court justice ruth bader ginsburg always hugged president barack obama speeches congress. doesn’t even plan attend president donald trump’s first one.,bloomberg
3,a delivery man became one richest people china,chinese parcel billionaires amassed total net worth $47 billion.,bloomberg
10,"in video, uber's ceo argues driver falling fares",travis kalanick tells driver take responsibility problems boasts tough culture.,bloomberg
13,"s&p 500 could top 4,000 8 years it's trump","donald trump’s first five weeks job pretty good stock market. one measure, investors haven’t seen anything yet.",bloomberg
13,losses mount obamacare startup oscar repeal looms,"oscar insurance corp., startup trying reinvent medical insurance obamacare-focused plans, lost $200 million products in 2016 heads year may see undoing health law.",bloomberg
13,ryan bannon forge unexpected alliance border tax,house speaker paul ryan unlikely ally salvage controversial tax plan: steve bannon.,bloomberg
13,snap's investors could disappear ipo,there plenty reasons buy snap inc.’s initial public offering. larger question whether investors want stick around.,bloomberg
13,time inc. asks suitors submit offers next week,"time inc. asked potential suitors submit acquisition offers next week, according people familiar matter.",bloomberg
6,entire democratic response trump's address - cnn video,"former kentucky gov. steve beshear responds president's address congress, questioning trump's plan affordable care act urging unify american citizens.",cnn
6,van jones: moment trump became president - cnn video,"cnn political commentator van jones said moment president donald trump addressed carryn owens, widow slain us navy seal william ""ryan"" owens, crucial moment.",cnn
6,trump honors fallen navy seal - cnn video,"president trump praises american military honors carryn owens, widow william ""ryan"" owens navy seal killed late-january raid yemen.",cnn
13,"in video, uber ceo speaks openly impact competitors on pricing",a newly published video clip uber ceo travis kalanick may offer world's first glimpse thinking businesses compete his..,techcrunch
10,"google quietly launches meet, enterprise-friendly version of hangouts","google quietly launched new video conferencing application called meet google hangouts, designed hd video meetings. web mobile..",techcrunch
10,"youtube unveils youtube tv, live tv streaming service","after year rumors, youtube finally drawing back curtain latest play entertainment industry domination -- live tv service. the..",techcrunch
10,amazon aws s3 outage breaking things lot websites and apps,"amazon's s3 web-based storage service experiencing widespread issues, leading service that's either partially fully broken websites, apps and..",techcrunch
15,coptic christian mother sees husband son killed,hundreds coptic christians fled egypt’s northern sinai region spate so-called islamic state attacks seven people killed within two weeks.,bbc-news
9,"‘hodgson benefit leicester', short - bbc radio 5 live","phil brown says man roy hodgson's stature ""can benefit leicester city.""",bbc-sport
3,chinese super league outspends premier league winter transfer window closes,the chinese winter transfer window ends super league sides surpass spending premier league counterparts.,bbc-sport
13,"dow passes 21,000, dollar jumps rate hike looms: markets wrap","the dow jones industrial average topped 21,000 first time, dollar advanced treasuries fell investors grew increasingly confident global economic growth accelerating, clearing path higher interest rates america.",bloomberg
6,trump attorney general jeff sessions fire russia meetings,democrats call jeff sessions quit insists mislead confirmation hearing.,bbc-news
3,limos lifts among saudi king's travel essentials,saudi arabia's king visiting indonesia he's travelling lightly.,bbc-news
3,"in kim jong-nam killing, common migration tale takes dark turn","before accused death kim jong-un’s half brother, doan thi huong one millions southeast asians living abroad search work.",the-new-york-times
6,us attorney general jeff sessions quits russia probe,"america's top prosecutor jeff sessions insists confirmation testimony ""honest correct"".",bbc-news
9,west indies v england: ben stokes says grown odi series,england all-rounder ben stokes says grown side prepare three-match odi series west indies.,bbc-sport
9,"alexis sanchez protest: 14,000 signed up, fewer 10 went","a protest chile encourage forward alexis sanchez leave arsenal, supposed attract 14,000, attended handful people.",bbc-sport
9,lewis hamilton f1 testing: 'the fastest ever been',"the drivers love new cars, first week testing barcelona given us picture fast not, writes andrew benson.",bbc-sport
6,sessions removes 2016 campaign investigations,"attorney general jeff sessions removed investigations russian interference american politics contacts associates president donald trump, justice department acknowledged contacts russian ambassador 2016 campaign.",bloomberg
13,pimco's new bond chief red hot luring billions cash,"after star money manager bill gross left 2014, pacific investment management co. seemed destined fade prominence become one many firms dot u.s. bond-industry landscape. then dan ivascyn, man tapped replace gross, got hot.",bloomberg
13,snap's two co-founders worth $5.3 billion ipo,investor appetite first tech listing year boosted fortunes evan spiegel bobby murphy.,bloomberg
13,spotify surpasses 50 million paid subscribers,"spotify surpassed 50 million subscribers, extending lead rivals apple music, soundcloud google world’s largest paid music streaming service.",bloomberg
6,lockheed's satellite boost system u.s. air force review,"the u.s. air force opened review propulsion systems used lockheed martin corp.’s military satellites undisclosed problem recent attempt boost one orbit, according service.",bloomberg
13,goldman bankers grumbling changes mobile perks,goldman sachs group inc.’s dealmakers endured job cuts tough bonus season. penny pinchers turned beloved phones.,bloomberg
17,five things learned week,"it’s great year rich, terrible year uber, know you lease dog?",bloomberg
13,china provides calm markets ahead potential fed rate hike,"while world’s attention gripped politics u.s. europe recent weeks, china quietly cementing newfound influence financial markets.",bloomberg
13,here’s samsung restore reputation,it’s easy win back customers’ trust product bursts flames. done.,bloomberg
6,has trump already sidelined secretary state?,rex tillerson’s effectiveness depends shedding instincts led hire.,bloomberg
6,trump: sessions 'did say anything wrong',top democrats called us attorney general jeff sessions resign emerged failed disclose meetings russian diplomat,cnn
6,more trump advisers disclose meetings russia's ambassador,president donald trump's senior aide jared kushner ousted adviser michael flynn met russian ambassador united states time trump administration's relationship russians close scrutiny.,cnn
6,here hill members calling sessions resign recuse,"capitol hill dominated thursday disagreement what, any, steps attorney general jeff sessions take surfaced spoke russian ambassador us last year's campaign.",cnn
6,it's time watergate-style select committee russiagate,"with every new revelation contacts trump campaign russians, becomes clearer it's time congress set bipartisan select committee investigate, julian zelizer says.",cnn
3,russia's reaction spy claims,,cnn
6,sessions cited lynch-clinton meeting calling special prosecutor email investigation,"during 2016 campaign, jeff sessions called then-attorney general loretta lynch recuse investigation hillary clinton's use private email server appoint special prosecutor case.",cnn
6,report: pence used private email account - cnn video,"vice president mike pence routinely used private email account conduct public business governor indiana, according reports indystar. cnn's john berman reports.",cnn
6,paul demands see house gop's obamacare repeal bill,"kentucky republican sen. rand paul marched house side capitol thursday morning, knocked locked door demanded see copy house's bill repeal replace affordable care act, believed kept lock key.",cnn
3,trump administration: may ignore world trade organization,"in paper released wednesday night, trump administration hinted may abide rulings world trade organization, would major shift previous presidents.",cnn
3,us tries id hundreds al qaeda contacts yemen raid,"several us officials told cnn thursday us taking action locate monitor hundreds people ""contacts"" found part intelligence retrieved deadly raid last month yemen targeting al qaeda arabian peninsula.",cnn
4,will ferrell speak 2017 usc commencement,the actor named official guest speaker university southern california’s 134th graduation ceremony may 12.,entertainment-weekly
4,"‘riverdale’ recap: ‘episode six: faster, pussycats! kill! kill!’",archie steals pussycat,entertainment-weekly
4,‘nashville’ recap: ‘i’ll fly away’,"tears, tributes, much teddy",entertainment-weekly
4,‘supernatural’ recap: ‘the raid’,the alpha vampire returns take british men letters,entertainment-weekly
4,‘the voice’ recap: ‘the blind auditions: episode 3’,"five new team members join ranks team adam, team blake, team alicia, team gwen, one forces judge walk stage",entertainment-weekly
4,watch 'beauty beast' hollywood premiere live,"beauty beast doesn’t hit theaters march 17, right now, catch glimpse beauty, beast, gaston, whole fantastical crew. below, courtesy film&#821…",entertainment-weekly
4,jason statham's giant shark movie 'meg' pushed summer 2018,moviegoers wait five extra months see jason statham battle massive prehistoric shark. warner bros. announced thursday underwater thriller meg been delayed aug. …,entertainment-weekly
4,"'fate furious': lil uzi vert, quavo, travis scott 'go off' video soundtrack","2 chainz, wiz khalifa, pitbull, camilia cabello also film’s album",entertainment-weekly
4,twitter casts literary spell #potterabook,"how improve classic books? put harry potter spin them, course! that’s exactly twitter users thursday hashtag #potterabook. fans literature j.k. rowl…",entertainment-weekly
9,"warriors vs. bulls - game summary - march 2, 2017 - espn",get summary golden state warriors vs. chicago bulls basketball game,espn
9,draymond green: kevin durant's absence doesn't alter warriors' motivation,"in interview espn, warriors big man draymond green insists team remains focused despite loss kevin durant extended period.",espn
9,bracketology joe lunardi,get latest ncaa college basketball bracketology breakdown espn's joe lunardi,espn
9,championship week: ncaa tournament bids grabs,stay speed championship week conference tourneys determine teams earn automatic bids women's ncaa tournament.,espn
9,kiper mcshay's 2017 nfl combine preview,"with four days workouts get underway nfl combine, mel kiper todd mcshay give players watch predictions.",espn
9,10 biggest freak athletes nfl combine,"myles garrett, leonard fournette david njoku nfl prospects expected showcase athleticism indianapolis.",espn
9,how iditarod competitor lost everything found solace alaska's wilderness,katherine keith deal tragedy anyone should. she's kept going -- ironman competitions elite dog-mushing races -- shows extreme lengths she's gone handle pain.,espn
9,save money: baseball's best contracts,"players like brandon crawford leverage command top dollar bargaining table, teams still score big values deals paying seven eight figures.",espn
9,is time panic david price?,pitchers don't visit dr. james andrews magazines waiting room. red sox lose $217 million man?,espn
4,no man's sky developer announces funding initiative hello labs - ign,hello labs provide support funding smaller developers creating experimental projects.,ign
4,transformers spinoff bumblebee hires kubo two strings director - ign,"paramount hired kubo two strings director travis knight helm transformers spinoff movie, bumblebee.",ign
4,nintendo switch how-to guides - nintendo switch wiki guide - ign,"nintendo switch how-to guides - nintendo switch: list tips guides help get nintendo switch -- solve annoying problems (for that, check prob...",ign
4,nickelodeon announces rise teenage mutant ninja turtles 2d animated series - ign,nickelodeon announced new 2d animated teenage mutant ninja turtles series feature mystical new york city setting.,ign
4,amiibo functionality - legend zelda: breath wild wiki guide - ign,amiibo functionality - legend zelda: breath wild: nintendo confirmed legend zelda: breath wild compatible amiibo support amiibo functionality wii u...,ign
4,zelda: breath wild final graphics comparison - wii u vs. nintendo switch - ign video,a final look retail versions legend zelda: breath wild.,ign
4,just dance 2017 review - ign,"just dance 2017 fun dancing game, doesn't really teach anything, annoying paywall.",ign
4,donnie yen star sleeping dogs video game adaptation - ign,the rogue one ip man star tapped star adaptation square enix's sleeping dogs.,ign
4,pirates caribbean: dead men tell tales - domestic trailer 4 - ign video,jack sparrow's chased new foe beyond watery grave.,ign
4,bolivia files formal complaint france ghost recon wildlands - ign,the bolivian government officially unhappy country's depiction game.,ign
13,snapchat already valuable 9 companies,"snap inc., parent company snapchat, stellar first day public debut new york stock exchange, popping 44%. the..",techcrunch
13,snapchat stock finishes 44% first day,"snap, parent company snapchat, great day debut new york stock exchange. after pricing ipo $17 per share yesterday, the..",techcrunch
10,one bitcoin worth one ounce of gold,"for first time ever, price one bitcoin surpassed price one ounce gold. today's swap attributed to good day for..",techcrunch
10,aws cloudsplains happened s3 storage outage,"aws took lot heat s3 storage component went several hours tuesday, rightly so, today published a..",techcrunch
6,jeff sessions recuses russia inquiry,the announcement came day rapid-fire developments intensified pressure full investigation moscow’s meddling election.,the-new-york-times
6,"kushner flynn met russian envoy december, white house says","the president’s son-in-law incoming national security adviser met ambassador, sergey i. kislyak, 20 minutes trump tower december.",the-new-york-times
6,jeff sessions needs go,"what bad, worse, richard kleindienst, nixon’s attorney general.",the-new-york-times
6,melania trump wears black president’s speech (and twitter reacts),was first lady’s outfit tuesday night slyly mischievous response democratic women came clad white?,the-new-york-times
6,jeff sessions recuse trump campaign probes,"attorney general jeff sessions said thursday recuse involvement probe related trump campaign, lawmakers called recuse investigation alleged russian interference election.",the-wall-street-journal
6,jeff sessions used political funds republican convention expenses,"campaign-finance records show attorney general used campaign account, official funds, expenses cleveland, met russia’s ambassador event.",the-wall-street-journal
6,"donald trump jr. likely paid least $50,000 event held hosts allied russia syria","president donald trump’s eldest son donald trump jr. likely paid least $50,000 appearance late last year french think tank whose founder wife allies russian government efforts end war syria.",the-wall-street-journal
13,"was aubrey mcclendon billionaire, broke?","a year oil magnate aubrey mcclendon died auto crash, lawyers oklahoma city sifting tangle obligations assets left behind, trying determine died wealthy man—or swamped debt.",the-wall-street-journal
3,islamic state hid training camp rail tunnel near mosul,"the iraqi military found obstacle course islamic state built old railway tunnel near mosul, raw recruits crawled barbed wire scaled walls begin reshaping seasoned fighters.",the-wall-street-journal
13,snapchat shares surge 44% market debut,snap shares surged 44% first day trading thursday investors sought piece biggest technology initial public offering u.s. since alibaba made debut 2014.,the-wall-street-journal
3,the german right believes it’s time discard country’s historical guilt,the alternative germany party making headway message overemphasis guilt nazi era prevents national pride hamstrings government policy.,the-wall-street-journal
13,federal agents search caterpillar locations,federal agents thursday raided three caterpillar facilities illinois search evidence machinery giant may released false misleading information financial documents exports.,the-wall-street-journal
3,eu parliament calls end visa-free travel u.s. citizens,the european union’s parliament on thursday asked bloc scrap visa-free travel u.s. citizens within two months retaliation u.s. continuing exclude five eu countries no-visa regime.,the-wall-street-journal
13,"costco raise membership fees, higher costs take toll profit",costco wholesale corp. raising membership fees—the retailer’s main profit driver—after higher costs latest period offset strong sales holiday quarter.,the-wall-street-journal
6,attorney general jeff sessions recuse probe related 2016 presidential campaign,"sessions facing mounting pressure step away investigations, revealed talked russian ambassador twice disclosed contacts.",the-washington-post
6,analysis | could sessions face perjury charges? former federal prosecutors think not.,at least evidence hand.,the-washington-post
6,the nearly indestructible bond jeff sessions donald trump,"trump said ‘total’ faith attorney general, quickly begun implementing president’s vision first weeks job.",the-washington-post
6,analysis | jeff sessions’s puzzling press conference,sessions answers one big question — raises bunch more.,the-washington-post
6,the trump presidency can’t seem escape russia’s shadow,the controversy exacerbated trump’s tendency treat personalize issues broader implications.,the-washington-post
6,hackers accessed private email account pence used official business indiana governor,pence's private aol account hacked 2016.,the-washington-post
6,analysis | nancy pelosi’s claim bill clinton impeached ‘something far less’ jeff sessions,"it's early pelosi make sweeping statement, sessions case still unfolding.",the-washington-post
6,new epa head told congress never used personal email government business. turns did.,,the-washington-post
3,isis dumped bodies desert sinkhole. may years know full scale killings.,the mass grave near city mosul could among militants’ largest.,the-washington-post
15,your child’s sent jail. comes bill.,family advocates say state local laws requiring reimbursement incarceration add children’s struggles.,the-washington-post
6,sessions: gave honest answers russia - cnn video,attorney general jeff sessions met russian ambassador trump's campaign last year. sessions recused investigation related presidential campaign.,cnn
6,stephen colbert sneaks peek jeff sessions' day planner,attorney general jeff sessions had chaotic day office thursday faced barrage criticism newly revealed contacts russia’s ambassador u.s. and eventually rec…,entertainment-weekly
6,jimmy fallon gives jeff sessions suggestions new jobs,the host joked politician could ‘the world’s oldest living boy’ traveling carnival,entertainment-weekly
6,"sessions breaks intelligence agencies, says doesn’t know russia wanted trump win",the intelligence community believes russian hacking meant benefit trump's campaign. attorney general sure.,the-washington-post
17,sleep problems mounting children,hospital attendances sleep disorders under-14s england triple 10 years.,bbc-news
6,sinn féin close gap dup ni assembly,the democratic unionist party narrowly returned biggest party sinn féin biggest winner ni assembly election.,bbc-news
3,brexit: uk 'not obliged' pay divorce bill say peers,"the uk could walk away without paying - might imperil trade deal, peers say.",bbc-news
13,"daimler recalls 75,000 mercedes-benz cars uk",daimler recalling around one million vehicles worldwide risk fire.,bbc-news
3,kim jong-nam death: north korean says arrest 'conspiracy',a man suspected involvement kim jong-nam's death says victim conspiracy.,bbc-news
15,bbc investigates intruders gained access studio,the studio used bbc news channel intruders seen air.,bbc-news
6,lowering legal drink-drive limit 'to save lives' urged,councils fire authorities calling limit lowered line scotland.,bbc-news
13,london loses business rates revamp,councils capital hand hundreds millions top local authorities.,bbc-news
13,average english council tax bill rise 4% - survey,"households face largest rise decade back social care costs, say public finance experts.",bbc-news
3,"banksy hotel, walled off, opens bethlehem","it ""worst view world"", artist says, next israel's controversial wall.",bbc-news
9,west indies v england: eoin morgan century sets win tourists first odi,a century england captain eoin morgan sets 45-run win west indies first one-day international antigua.,bbc-sport
9,david haye v tony bellew: richie woodhall says bellew underestimated,"tony bellew ""underestimated"" heavyweight fight david haye, says ex-world champion richie woodhall.",bbc-sport
9,world golf championships: rory mcilroy leads two shots halfway stage,rory mcilroy cards stunning six-under-par 65 take lead halfway stage world golf championships event mexico.,bbc-sport
9,european indoor athletics: andrew pozzi wins 60m hurdles gold,briton andrew pozzi wins gold 60m hurdles european indoor athletics championships belgrade.,bbc-sport
9,andy murray beats lucas pouille reach dubai championships final,andy murray beats france's lucas pouille straight sets reach final dubai championships second time.,bbc-sport
9,birmingham city 1-3 leeds united,chris wood scores twice leeds move within point third place championship winning birmingham.,bbc-sport
9,"british cycling: uk sport responsible standards, says liz nicholl",the chief executive uk sport says apologise anyone believes agency partly blame failings british cycling.,bbc-sport
9,man utd's jose mourinho: i'm monster say am,manchester united boss jose mourinho says monster portrayed as.,bbc-sport
9,premiership: leicester tigers 15-34 exeter chiefs,exeter chiefs move one point behind premiership leaders wasps hard-fought bonus-point win leicester tigers.,bbc-sport
9,european indoor athletics: eilidh doyle misses 400m final,eilidh doyle misses laviai nielsen qualifies 400m final european indoor athletics championships belgrade.,bbc-sport
3,u.s. airport pat-downs get invasive,the tsa reacts study found weapons making past security.,bloomberg
13,"at tesla, departures mount critical time",tesla inc. losing key personnel races bring model 3 -- critical electric sedan yet -- market later year.,bloomberg
13,yellen hints aggressive rate path upon locking march,"federal reserve chair janet yellen left little doubt friday central bank raise interest rates month. importantly, dropped hints might end increase year planned.",bloomberg
6,a major proponent h-1b visa reform loses patience trump,the white house says reform controversial guest worker program 'is issue closely carefully looking at',bloomberg
13,uber's greyball program scrutiny blocking government stings,an uber technologies inc. program used counteract government officials attempting conduct “sting” operations drawing scrutiny amid flurry scandals plaguing ride-hailing company.,bloomberg
13,schwarzenegger 'celebrity apprentice': quit,new york (ap) -- arnold schwarzenegger said friday he's with,bloomberg
13,jobs take center stage climate-change debate trump era,"as trump administration sets work gutting environmental regulations, best weapon battling climate change u.s. may jobs.",bloomberg
13,these economies getting miserable year,"venezuela tops list again, it's moves middle matter",bloomberg
13,"this year, invest better life story yourself",the science clear: shared experiences valuable shared consumption. eight enlightening ways turn bonus trip lasts lifetime.,bloomberg
13,snap ipo shows investor appetite bet young companies again,"if there’s one lesson silicon valley learn snap inc.’s trading debut, it’s investors in initial public offerings willing stomach uncertainty betting hopeful, young companies.",bloomberg
6,can immigrants deported without hearing? yes -- trump wants often,can undocumented immigrant get kicked united states without court hearing? that's key question heart controversial case that's become latest lightning rod debate trump administration's crackdown illegal immigration.,cnn
6,ice arrests undocumented father taking daughter california school,"romulo avelica-gonzalez, undocumented immigrant mexico, arrested near los angeles school one daughters attends. daughter wept immigration agents took handcuffed father away black car.",cnn
6,dreamer detained giving immigration speech - cnn video,a woman reapplying legal status detained. arrest came moments gave immigration speech. cnn's nick valencia reports.,cnn
6,graham: trump getting bad hombres - cnn video,"republican sen. lindsey graham said president trump immigration plan good thing getting ""bad hombres"" out.",cnn
6,grassley denies calls sessions testify russian ambassador meetings,senate judiciary committee chairman chuck grassley friday denied calls democratic colleagues bring attorney general jeff sessions panel coming days testify meetings russian ambassador.,cnn
6,"trump tweets schumer, putin photo, calls investigation","president donald trump slammed senate minority leader chuck schumer tweet friday, accusing relationship russian president vladimir putin presenting photo two leaders evidence.",cnn
6,carter page relationship trump camp - cnn video,"carter page, man linked then-candidate donald trump's foreign policy team, talks cnn's anderson cooper relationship campaign.",cnn
6,dhs considering proposal separate children adults border,"the department homeland security considering proposal separate children adults trying enter country illegally southern border, senior dhs official confirmed cnn friday.",cnn
6,dhs assessment: individuals radicalized us,"a recent department homeland security intelligence assessment found foreign-born violent extremists arrive us radicalized, become radicalized living us several years.",cnn
4,magical bracket game! what’s best disney song ever?,"beginning feb. 17, vote favorites week listen ew morning live (8 a.m-10 a.m.) sirius xm radio channel 105 month hear songs — heated debate. winn…",entertainment-weekly
4,"as 'when rise' ends, dustin lance black looks solution","there’s world it’s easily fathomable dustin lance black could be the furious person country today. given that’s going america™, beneath administration that’…",entertainment-weekly
4,‘when rise’ finale recap: ‘part iv’,now time true equality,entertainment-weekly
4,‘the vampire diaries’ recap: ‘we’re planning june wedding’,"caroline stefan get married, there’s one surprise guest mystic falls",entertainment-weekly
4,josh gad 'very proud' play disney's first openly gay character,"at the world premiere ‘beauty beast’ thursday hollywood, gad opened tackling role lefou, whose relationship film’s villain gaston new spin i…",entertainment-weekly
4,'modern family': sofia vergara shares photos last day season 8,"this article originally appeared people.com. that’s wrap! document last day shooting modern family‘s season 8, star sofia vergara shared behind-the-scenes cast photos “fa…",entertainment-weekly
4,stephen colbert mocks jeff sessions' awkward press conference,and ‘late show’ host perfect ‘star wars’ analogy,entertainment-weekly
4,'emerald city' ep shaun cassidy thanks fans finale,"every week, emerald city executive producers david schulner shaun cassidy bring ew behind scenes explain ins-and-outs new nbc dark fantasy series inspired land of…",entertainment-weekly
4,‘reign’ recap: ‘playing fire’,"mary’s putting fires, literal otherwise.",entertainment-weekly
4,"'tonight show' sums trump, oscars 'this week words'","plus, kellyanne conway couchgate, attorney general jess sessions make way musical montage",entertainment-weekly
9,"portland timbers vs. minnesota united fc - football match summary - march 3, 2017 - espn","follow live coverage portland timbers vs minnesota united fc 2017 usa major league soccer, regular season football match.",espn
9,"paths rematch look vastly different duke, unc","duke's highs high, lows quite low. north carolina remarkably consistent. tar heels split season series claim outright acc title?",espn
9,champ week: ncaa tournament bids grabs,stay speed champ week conference tourneys determine teams earn automatic bids ncaa tournament.,espn
9,todd mcshay's guide every combine drill,"the drills nfl combine boil two questions: measurables mesh film? players triggered red flags results? 40 bench press, numbers know drill.",espn
9,40-yard dash tests speed,"by time players run 40-yard dash, they're worn nfl combine gauntlet, makes pressure perform much daunting.",espn
9,minnesota atlanta united debut, la galaxy reboot vs. new-look dallas,jason davis takes look around league top matchups ahead start 2017 major league soccer season w2w4.
9,everything need know 2017 mls season,looking skinny mls 2017? search further, espn fc nuts bolts season that's around corner.
9,"2017 mls preview: teams set rebound, fall","which teams set rebound unlucky 2016 campaigns, front-runners fall back pack? dig numbers find out.",espn
9,mvp? lebron's value full display,"the mvp race mostly two-man battle, cavs think it's time add lebron james' name third-party candidate.",espn
4,nintendo switch new games revealed deadpool 2 latest - ign daily fix - ign video,all need know latest nintendo switch games deadpool 2 casting news week's stories may missed.,ign
4,cauldrons - horizon: zero dawn wiki guide - ign,"cauldrons - horizon: zero dawn: cauldrons special dungeons horizon zero dawn. they're marked map blue triangles, generally truly revealed g...",ign
4,"logan - easter eggs, references trivia - ign video","from surprise classic mutant missing iconic villain, things need know final wolverine movie.",ign
4,nvc: let's talk nintendo's indie games - ign video,"team tumbleseed, team 17, raw fury, vetrex pop, nintendo's damon baker join crew nvc talk games coming switch.",ign
4,fireteam chat ep. 102 - age triumph loss gear - ign's destiny show - ign video,"while we're cautious, think destiny 2 bringing character's forward might good news improvements sequel.",ign
4,7 minutes flipping death gameplay nintendo switch - ign video,solve puzzles flip world zoink ab's spiritual successory stick man!,ign
4,nier: automata pc release date announced - ign,"players pre-purchase game get access special items, including valve character accessory.",ign
4,"nintendo switch reviews aren't great, that's okay - ign video",keep mind problems console launch (or that) aren't always permanent.,ign
4,1-2-switch: ranking 28 minigames - ign video,"not games 1-2-switch created equally, ranked worst best.",ign
4,dual universe: single shard space mmo meets minecraft - ign video,"we caught jean-christophe baillie, creator dual universe gdc 2017.",ign
10,world view’s ‘stratollites’ new spaceport aim change business of space,"at world view's new headquarters tucson, arizona, paint barely dry gleaming new structure located near airport, road from..",techcrunch
10,"weekly roundup: snap’s soaring public debut, major aws outage","snap debuts public company soaring ipo, aws suffers major outage nokia reviving snake. top tech headlines week explained.",techcrunch
10,uber uses software tool identify sidestep code enforcement officials,"uber using tool called ""greyball"" work identity requests made certain users deny service, according mike isaac reporting new..",techcrunch
10,thiel’s chief staff tapped white house deputy cto,"peter thiel donald trump's side since republican national convention, guiding then-candidate technology policy brokering meeting..",techcrunch
13,former uber software engineer alleges sexism female manager,"another day, another allegation uber. keala lusk, former uber software engineer, posted medium story sexism, disrespect and..",techcrunch
6,obama administration rushed preserve intelligence russian election hacking,obama administration officials scrambled ensure intelligence connections trump campaign russian officials preserved left office.,the-new-york-times
17,you may want marry husband,"after learning doesn’t long live, woman composes dating profile man leave behind.",the-new-york-times
10,how uber deceives authorities worldwide,"a program uses data uber collected evade law enforcement cities resist ride-hailing service, current former uber employees said.",the-new-york-times
6,g.o.p. accused playing ‘hide-and-seek’ obamacare replacement bill,"republicans excoriated democrats making “back-room deals” pass health law, accused violating vows transparency.",the-new-york-times
6,"goodbye spin, hello raw dishonesty",the first casualty trump truth.,the-new-york-times
4,nintendo switch reviews: here’s critics say,a panoply opinions take latest video game launch.,the-new-york-times
6,a timeline jeff sessions’s trump ties meetings russia,mr. sessions’s actions surrounding events.,the-new-york-times
13,fed officials indicate rate increase likely march,"the federal reserve’s two senior officials signaled central bank course pick pace short-term interest-rate increases, next rise coming soon march come later year.",the-wall-street-journal
6,democrats criticize james comey russian hacking probe,"fbi director james comey back crosshairs democrats, say hasn’t forthcoming congressional investigators probing alleged russian interference help donald trump u.s. election.",the-wall-street-journal
13,small investors run etfs,"a total $124 billion poured etfs first two months 2017, aggressive start year since industry founded 24 years ago.",the-wall-street-journal
3,"china shifts stance, letting dying firms go bankrupt","as china’s national people’s congress opens, bankruptcies chinese business surged last two years, sign state beginning take painful steps trim bloated industrial sector tries rein debt.",the-wall-street-journal
3,the hunt mysterious big winner las vegas mogul’s new china casino,a mysterious gambler whose winning streak blamed las vegas sands denting profit newest property macau proving elusive.,the-wall-street-journal
15,the night zombie smartphones took 911,call centers hit october largest-ever assault country’s highly vulnerable emergency-response system. could happen again.,the-wall-street-journal
13,snapchat investors found golden goose field turkeys,"the social media sector’s has-beens never-weres, friendster myspace secret bebo, helped make shares snap inc., parent messaging app snapchat, seem alluring",the-wall-street-journal
6,mike pence used private email account conduct indiana state business,"vice president mike pence used personal email account communicate staff state business indiana’s governor, according emails released state’s current governor.",the-wall-street-journal
15,man arrested threats jewish institutions,a missouri man accused making threats jewish organizations arrested in st. louis charged new york cyberstalking.,the-wall-street-journal
13,disturbing new facts american capitalism,“let winners run” one oldest adages investing. one newest ideas winners may running away everything.,the-wall-street-journal
6,white house proposes steep budget cut leading climate science agency,the national oceanic atmospheric administration crosshairs white house.,the-washington-post
6,"despite early denials, growing list trump camp contacts russians haunts white house",multiple meetings campaign associates russian officials fuel calls independent inquiry.,the-washington-post
6,sessions’s recusal little quell partisan fervor russia,"democrats called attorney general offer public, under-oath explanation, president tweeted pictures russian officials.",the-washington-post
6,"with sessions’s recusal, official poised oversee probe russian interference 2016 race",rod j. rosenstein’s confirmation hearing deputy attorney general set tuesday.,the-washington-post
6,analysis | old photo right-wing meme trump’s twitter: journey one schumer/putin pic,an important analysis tweet president united states.,the-washington-post
3,"after decades america, newly deported return mexico barely recognize",the returnees signify untapped potential also face scarce job opportunities uncertainty.,the-washington-post
6,white house split import tax puts congress limbo,different sides look president clear position.,the-washington-post
13,"uber used secret tool, extraordinary measures sidestep government officials",uber took extraordinary measures evade government officials places service restricted banned.,the-washington-post
